date,high,low,open,close,volume
2020-05-12,,,,,10.0
2020-05-13,,,,,6306825.0
2020-05-14,,,,,11366296.0
2020-05-15,,,,,21848850.0
2020-05-18,,,,,3715220.0
2020-05-19,11.965000000000002,11.796666666666667,,11.839166666666667,1792600.0
2020-05-20,12.132142857142858,11.954761904761904,11.855833333333333,11.985833333333334,6559040.0
2020-05-21,12.237244897959185,12.02482993197279,11.989880952380952,12.076309523809524,2904897.0
2020-05-22,12.31231778425656,12.109164237123421,12.071343537414966,12.15950680272109,1002840.0
2020-05-25,12.334512703040401,12.163688740802444,12.168102526724976,12.191790573372206,482700.0
2020-05-26,12.324651930743144,12.20263481485889,12.218644661946412,12.21413612383729,940640.0
2020-05-27,12.331894236245104,12.187596296327778,12.241889044247436,12.202954374169494,233450.0
2020-05-28,12.294210168746503,12.165425925948412,12.208492174462455,12.184967410121068,1053320.0
2020-05-29,12.295864406247501,12.179075537039353,12.186065838901754,12.180691007229333,207830.0
2020-06-01,12.297046004462501,12.127911097885251,12.18433274207268,12.171922148020954,1439360.0
2020-06-02,12.309318574616073,12.125650784203751,12.174523387194771,12.178515820014965,167930.0
2020-06-03,12.295227553297195,12.146893417288393,12.170373847996267,12.193225585724976,246020.0
2020-06-04,12.342305395212282,12.11635244092028,12.187409891425904,12.206589704089268,147280.0
2020-06-05,12.344503853723058,12.180251743514486,12.199578493875645,12.242564074349476,1016660.0
2020-06-08,12.466074181230756,12.263036959653205,12.23969892419689,12.350402910249628,15650820.0
2020-06-09,12.53291012945054,12.359312114038003,12.348356374426348,12.414573507321162,12235640.0
2020-06-10,12.772078663893243,12.422365795741431,12.405968838875964,12.50612393380083,11266780.0
2020-06-11,12.740056188495174,12.473118425529593,12.457120599197118,12.518659952714879,3076830.0
2020-06-12,12.55146870606798,12.28079887537828,12.496514713712227,12.341899966224913,1045980.0
2020-06-15,12.451049075762842,12.20730153157901,12.327510509794447,12.242785690160652,1449690.0
2020-06-16,12.322177911259173,12.112652487437899,12.232507506996033,12.134132635829037,649810.0
2020-06-17,12.215841365185124,12.066180348169928,12.12321964785431,12.071523311306454,2590370.0
2020-06-18,12.15417240370366,12.019278983811592,12.066585462753078,12.02965950807604,421400.0
2020-06-19,12.121551716931185,12.005194055188738,12.033275330537913,12.012613934340028,1712810.0
2020-06-22,12.143965512093704,12.060852896563384,12.015196664669936,12.056867095957163,211160.0
2020-06-23,12.217118222924075,12.139387384770988,12.067997617621383,12.123476497112257,435860.0
2020-06-24,12.283655873517196,12.093848131979277,12.148569726872417,12.1496260693659,4453370.0
2020-06-25,12.231182766797996,12.095605808556627,12.16754980490887,12.09259004954707,2299780.0
2020-06-26,12.159416261998569,12.031147006111876,12.10539271779205,12.041850035390766,144000.0
2020-06-29,12.065297329998979,11.907962147222769,12.053851941280035,11.944892882421975,2649790.0
2020-06-30,11.940926664284985,11.828544390873406,11.95703710091431,11.834209201729982,2841882.0
2020-07-01,11.943519045917846,11.784342885002985,11.859312214938793,11.798720858378557,50390.0
2020-07-02,11.91108503279846,11.797387775002132,11.823794439241993,11.778372041698969,302820.0
2020-07-03,11.856489309141757,11.760991267858666,11.79985317088714,11.75240860121355,47790.0
2020-07-06,11.880349506529827,11.76642233418476,11.76846655063367,11.77672042943825,796160.0
2020-07-07,11.920249647521304,11.801730238703401,11.787476107595477,11.82265744959875,17790.0
2020-07-08,11.943035462515217,11.829807313359572,11.825340076853912,11.853326749713393,35040.0
2020-07-09,12.045025330368013,11.878433795256838,11.850957197752795,11.938090535509566,16340.0
2020-07-10,12.089303807405724,11.970309853754884,11.936397998394852,11.997921811078262,87900.0
2020-07-13,12.095217005289802,12.007364181253488,12.004569998853466,12.017087007913045,137290.0
2020-07-14,12.082297860921287,12.005260129466777,12.02183571346676,12.017919291366459,171530.0
2020-07-15,12.113069900658061,12.043757235333413,12.0227397953334,12.054228065261757,26260.0
2020-07-16,12.13219278618433,12.063377276122463,12.05624271095243,12.069448618044113,59390.0
2020-07-17,12.148709132988808,12.08812662580176,12.068744793537451,12.096034727174366,79540.0
2020-07-20,12.149077952134864,12.065804732715543,12.096246281098178,12.091453376553119,176380.0
2020-07-21,12.192198537239188,12.047003380511102,12.0916044864987,12.10603812610937,85180.0
2020-07-22,12.15442752659942,12.016430986079358,12.108288918927643,12.07574151864955,100150.0
2020-07-23,12.096019661856728,11.98887927577097,12.07734922780546,12.031958227606822,122070.0
2020-07-24,12.040014044183376,11.874913768407835,12.036678019861043,11.932113019719157,736530.0
2020-07-27,11.828581460130984,11.610652691719881,11.953341442757885,11.670795014085112,534110.0
2020-07-28,11.734701042950702,11.512127100565275,11.673815316255633,11.543425010060794,1210600.0
2020-07-29,11.667643602107644,11.41359831210198,11.545582368754022,11.438160721471997,4642830.0
2020-07-30,11.676888287219745,11.495427365787128,11.46113026339573,11.447971943908568,691570.0
2020-07-31,11.649205919442675,11.382448118419378,11.49937875956838,11.402837102791835,121260.0
2020-08-03,11.57800422817334,11.373177227442412,11.453841971120271,11.355597930565596,22070.0
2020-08-04,11.52714587726667,11.38084087674458,11.388458550800193,11.366141378975426,82520.0
2020-08-05,11.605104198047622,11.459050956203049,11.391756107714425,11.440100984982447,2056920.0
2020-08-06,11.689360141462586,11.557571875890092,11.479825791224588,11.530786417844604,577850.0
2020-08-07,11.669542958187561,11.555408482778638,11.571304136588992,11.544133155603289,518400.0
2020-08-10,11.686816398705401,11.605291773413313,11.572360097563566,11.590809396859491,674070.0
2020-08-11,11.719154570503859,11.617812098136985,11.613114355402548,11.62272099775678,75360.0
2020-08-12,11.742253264645614,11.66986578438356,11.639367396716104,11.664086426969128,59220.0
2020-08-13,11.787323760461152,11.7070469888454,11.685262426225789,11.716490304977949,18560.0
2020-08-14,11.84237411461511,11.762176420603858,11.732330304446993,11.771064503555678,219010.0
2020-08-17,11.870267224725078,11.801554586145613,11.78737878889071,11.800760359682627,45840.0
2020-08-18,11.935905160517912,11.857847529172224,11.825270563493364,11.849114542630447,236210.0
2020-08-19,11.92564654322708,11.869891092265874,11.872336116780975,11.858653244736033,10680.0
2020-08-20,11.921176102305058,11.864207923047053,11.877382940557839,11.862609460525738,268280.0
2020-08-21,11.963697215932184,11.900854484107041,11.876702100398456,11.901149614661241,913340.0
2020-08-24,12.07406943995156,11.972038917219315,11.911930071713183,12.000821153329458,646260.0
2020-08-25,12.224335314251114,12.094313512299511,12.00852147979513,12.143443680949613,2479870.0
2020-08-26,12.337382367322224,12.238795365928222,12.148943914139378,12.259602629249724,1306020.0
2020-08-27,12.44098740523016,12.310568118520159,12.262102795813842,12.35543044946409,9658190.0
2020-08-28,12.563562432307258,12.444691513228685,12.357216282724174,12.482450321045778,943210.0
2020-08-31,12.653973165933756,12.560493938020489,12.483725916231553,12.571750229318413,332290.0
2020-09-01,12.709980832809826,12.614638527157492,12.574089940165393,12.633393020941723,272720.0
2020-09-03,12.849986309149875,12.61045609082678,12.63863567154671,12.695280729244088,2258680.0
2020-09-04,12.892847363678483,12.721754350590556,12.684739765390507,12.768057663745777,279030.0
2020-09-07,12.923462402627488,12.801253107564683,12.774814118136078,12.802184045532698,7587360.0
2020-09-08,12.94247314473392,12.829466505403346,12.837724370097199,12.812988603951927,210840.0
2020-09-09,12.938909389095658,12.706761789573818,12.865517407212284,12.767849002822805,1323090.0
2020-09-10,12.927792420782612,12.679115563981298,12.80251243372306,12.764177859159147,1308480.0
2020-09-11,12.919851729130437,12.742225402843784,12.78893745265933,12.77584132797082,1563990.0
2020-09-14,12.891322663664598,12.758732430602704,12.800669609042377,12.783458091407729,994090.0
2020-09-15,12.879516188331856,12.770523164716217,12.800478292173128,12.791755779576949,27510.0
2020-09-16,12.876797277379897,12.784659403368726,12.80034163726652,12.805539842554962,76440.0
2020-09-17,12.889140912414211,12.803328145263375,12.810244026618943,12.825385601824975,885820.0
2020-09-18,12.93795779458158,12.833805818045269,12.828745733299243,12.866704001303553,622760.0
2020-09-21,13.02425556755827,12.921289870032336,12.866246952356605,12.954074286645396,836880.0
2020-09-22,13.08303969111305,12.992349907165954,12.94874782311186,13.017195919032424,2123620.0
2020-09-23,13.173599779366464,13.051678505118538,13.0162484450799,13.09799708502316,2334040.0
2020-09-24,13.381142699547475,13.151198932227528,13.097320317914214,13.20285506073083,632510.0
2020-09-25,13.623673356819625,13.202284951591091,13.169514512795867,13.287753614807734,1475780.0
2020-09-28,13.57119525487116,13.235917822565066,13.203938937711333,13.313395439148383,1484620.0
2020-09-29,13.567996610622258,13.291369873260761,13.252813526936666,13.347425313677416,321730.0
2020-09-30,13.51142615044447,13.313835623757686,13.294866804954761,13.345303795483868,2721700.0
2020-10-01,13.502447250317479,13.329882588398346,13.316333432110543,13.368074139631336,1628070.0
2020-10-02,13.524605178798199,13.374913898195613,13.347381022936101,13.386481528308096,688650.0
2020-10-05,13.531860841998714,13.384633973672626,13.376700730668645,13.411772520220069,3671550.0
2020-10-06,13.665614887141938,13.431881409766161,13.404786236191889,13.486980371585762,1184580.0
2020-10-07,13.649724919387099,13.479915292690116,13.453418740137064,13.516414551132687,664380.0
2020-10-08,13.635517799562214,13.514225209064369,13.495299100097903,13.527438965094778,890220.0
2020-10-09,13.633941285401582,13.525858626278414,13.515213642927073,13.545313546496269,360570.0
2020-10-12,13.652815203858273,13.518470447341723,13.536581173519338,13.553795390354477,495343.0
2020-10-13,13.623439431327338,13.521764605244089,13.540415123942385,13.541996707396056,376200.0
2020-10-14,13.659599593805241,13.547326428848493,13.536010802815989,13.571426219568611,678540.0
2020-10-15,13.713999709860886,13.60523316346321,13.567150573439992,13.635304442549009,554820.0
2020-10-16,13.795714078472061,13.675166545330864,13.633678981028567,13.690217458963577,1190739.0
2020-10-19,14.028367198908615,13.847614693160164,13.716913557877547,13.87301247068827,705870.0
2020-10-20,14.320262284934726,13.962581923685832,13.894938255626819,14.008580336205906,2907002.0
2020-10-21,14.328758774953375,14.01612994548988,13.970670182590585,14.070414525861361,330140.0
2020-10-22,14.291970553538125,14.068664246778486,14.036192987564704,14.092438947043828,486230.0
2020-10-23,14.322836109670089,14.163331604841776,14.075852133974788,14.171742105031306,342530.0
2020-10-26,14.382025792621492,14.230951146315554,14.168465809981992,14.244101503593791,966900.0
2020-10-27,14.33287556615821,14.207822247368254,14.237475578558566,14.217929645424137,634430.0
2020-10-28,14.280625404398721,14.062730176691609,14.219625413256118,14.132806889588668,953620.0
2020-10-29,14.1633038602848,14.005830907726523,14.13544672375437,14.002004921134763,168160.0
2020-10-30,14.093788471632001,13.975593505518946,14.006747659824551,13.954289229381974,196710.0
2020-11-02,14.09842033688,13.959709646799247,13.97910547130325,13.970206592415696,12200.0
2020-11-03,14.101728812057143,13.999792604856605,13.987932479502323,14.003004708868353,146920.0
2020-11-04,14.12980629432653,14.028423289183289,14.019951771073087,14.030003363477396,2286031.0
2020-11-05,14.149861638804664,14.044138233311005,14.057108407909347,14.041430973912425,619450.0
2020-11-06,14.092758313431903,13.997241595222146,14.06079171993525,13.99959355279459,707910.0
2020-11-09,14.086255938165644,13.99502306457117,14.019136942810892,13.992566823424706,1347350.0
2020-11-10,14.175897098689745,14.075735507766401,14.006526387722065,14.073262016731933,4136318.0
2020-11-11,14.188497927635533,14.116953934118857,14.093233134087189,14.099472869094239,234510.0
2020-11-12,14.206069948311095,14.154967095799185,14.129452238633707,14.131766335067313,130530.0
2020-11-13,14.332907105936496,14.198954358749264,14.156751599024076,14.229833096476652,1056060.0
2020-11-16,14.43779078995464,14.30886076316285,14.247679713588626,14.312737926054751,330660.0
2020-11-17,14.512707707110456,14.372935897321051,14.325485509706162,14.381241375753394,114400.0
2020-11-18,14.65193407650747,14.474724879164718,14.396775364075829,14.498029554109568,88600.0
2020-11-19,14.694238626076764,14.539089199403369,14.513410974339877,14.560735395792548,68330.0
2020-11-20,14.707313304340547,14.58506371385955,14.581007838814198,14.596239568423249,1629910.0
2020-11-23,14.81950950310039,14.663533917461749,14.615005599152997,14.677313977445177,1142860.0
2020-11-24,14.90250678792885,14.780134547887526,14.697861142252142,14.759509983889412,749310.0
2020-11-25,14.93036199137775,14.834381819919662,14.785615101608673,14.818935702778152,465400.0
2020-11-26,14.978829993841249,14.884844722107053,14.842582215434767,14.869954073412966,4307580.0
2020-11-27,15.036307138458035,14.946317658647894,14.89755872531055,14.942824338152118,15338980.0
2020-11-30,15.174505098898596,15.018798327605639,14.966827660936106,15.06201738439437,20573390.0
2020-12-01,15.273217927784712,15.1619988054326,15.079162614954361,15.165012417424549,12980060.0
2020-12-02,15.346584234131937,15.267142003880428,15.20511615353883,15.257866012446108,1102790.0
2020-12-03,15.41898873866567,15.339387145628876,15.293654395384879,15.335618580318648,2632110.0
2020-12-04,15.47070624190405,15.413847961163484,15.369753139560627,15.390441843084748,1270420.0
2020-12-07,15.564790172788607,15.463326088516519,15.421252242543305,15.464601316489107,2744270.0
2020-12-08,15.631992980563291,15.531555082226268,15.493751601816648,15.520429511777934,5913250.0
2020-12-09,15.679994986116636,15.602513310467613,15.545536858440462,15.57959250841281,578010.0
2020-12-10,15.731424990083312,15.624652364619724,15.605383470314617,15.626851791723436,7658930.0
2020-12-11,15.751017850059508,15.66461919906205,15.639559621653298,15.652036994088167,13303170.0
2020-12-14,15.822155607185364,15.703299427901465,15.66968544403807,15.717883567205835,13771560.0
2020-12-15,15.927254005132403,15.819771269905148,15.725489602884336,15.815631119432739,11000900.0
2020-12-16,16.090895717951717,15.887397667296666,15.831064002060241,15.908307942451957,426940.0
2020-12-17,16.147782655679798,15.925284048069047,15.899331430043029,15.952362816037112,4623430.0
2020-12-18,16.216987611199855,15.938060034335034,15.926665307173593,16.017402011455083,3755790.0
2020-12-21,16.412134007999896,16.09861431023931,15.999046647981137,16.198144293896487,6063040.0
2020-12-22,16.580095719999925,16.356153078742363,16.17074760570081,16.383674495640346,663790.0
2020-12-23,16.71435408571423,16.506775969980772,16.384819718357722,16.521196068314534,1365930.0
2020-12-24,16.75311006122445,16.476268549986266,16.53058551311266,16.528711477367523,953460.0
2020-12-25,16.726507186588893,16.511620392847334,16.54184679508047,16.509793912405375,912840.0
2020-12-28,16.75607656184921,16.59115742346238,16.52989056791462,16.57770993743241,6729820.0
2020-12-29,16.765768972749434,16.62225530247313,16.605636119939014,16.61122138388029,1256070.0
2020-12-30,16.804120694821023,16.675896644623663,16.64545437138501,16.668015274200208,2195910.0
2020-12-31,16.917229067729302,16.790129306273926,16.691038836703576,16.771439481571576,4446070.0
2021-01-04,17.126592191235215,16.992949504481377,16.807884883359698,16.96031391540827,1272800.0
2021-01-05,17.287565850882295,17.137821074629557,16.995632059542643,17.131652796720193,1176900.0
2021-01-06,17.48540417920164,17.352729339021113,17.161165756816175,17.341894854800138,1644700.0
2021-01-07,17.66100298514403,17.50909238501508,17.370832683440128,17.522067753428672,2304300.0
2021-01-08,17.900716417960023,17.780069401968948,17.550594773885805,17.761476966734765,3500800.0
2021-01-11,18.100511727114302,18.005763858549248,17.786139124204148,17.974626404810547,5258700.0
2021-01-12,18.266079805081645,18.187861656346605,18.014385088717248,18.144733146293248,3729400.0
2021-01-13,18.43291414648689,18.307430540076147,18.193132206226608,18.302666533066606,10325400.0
2021-01-14,18.623510104633493,18.42482737568704,18.335094433019,18.443333237904717,2944300.0
2021-01-15,18.802507217595352,18.62916241120503,18.470781737870716,18.640952312789082,2583600.0
2021-01-18,18.930362298282393,18.78160005104816,18.677701241336226,18.759251651992205,9129600.0
2021-01-19,18.978830213058853,18.558285750748684,18.79407231524016,18.675179751423002,872200.0
2021-01-20,19.05916443789918,18.39877553624906,18.724337368028685,18.540128393873573,6001000.0
2021-01-21,18.927974598499414,18.456268240177902,18.517383834306205,18.500091709909697,4366300.0
2021-01-22,18.94855328464244,18.49733445726993,18.52670273879015,18.575779792792638,3866500.0
2021-01-25,18.96039520331603,18.59809604090709,18.60478767056439,18.64841413770903,2632800.0
2021-01-26,18.97171085951145,18.510068600647923,18.69484833611742,18.642438669792163,8886200.0
2021-01-27,18.836936328222464,18.364334714748516,18.680605954369586,18.500313335565828,8563900.0
2021-01-28,18.88352594873033,17.900239081963225,18.52757568169256,18.32022381111845,1768300.0
2021-01-29,18.605375677664522,17.8887422014023,18.339696915494685,18.062302722227464,595500.0
2021-02-01,18.48955405547466,17.977673001001644,18.07978351106763,17.99735908730533,3784300.0
2021-02-02,18.40682432533904,17.989766429286888,18.09984536504831,17.94811363378952,1949800.0
2021-02-03,18.404874518099316,18.106976020919205,18.07417526074879,18.015081166992516,24203000.0
2021-02-04,18.432053227213796,18.19069715779943,18.137268043391995,18.114343690708942,16038400.0
2021-02-05,18.53718087658128,18.358959217277953,18.226620030994283,18.265959779077814,11717400.0
2021-02-08,18.643700626129487,18.27484548867318,18.361871450710204,18.31568555648415,1783800.0
2021-02-09,18.68835759009249,18.360693478203036,18.379908179078715,18.342632540345825,2941000.0
2021-02-17,18.977398278637494,18.54335248443074,18.392791556484795,18.630451814532734,2621000.0
2021-02-18,19.26957019902678,18.9595374888791,18.666279683203427,18.978894153237665,5941000.0
2021-02-19,19.472550142161985,19.242526777770784,19.040199773716733,19.227781538026903,5000700.0
2021-02-22,19.666107244401417,19.41609055555056,19.27728555265481,19.40555824144779,4236900.0
2021-02-23,19.72150517457244,19.440064682536114,19.433775394753432,19.465398743891278,1561500.0
2021-02-24,19.76964655326603,19.495642976508318,19.466982424823883,19.52457053135091,1636500.0
2021-02-25,19.80689039519002,19.49974498322023,19.519273160588483,19.548978950964937,929600.0
2021-02-26,19.782064567992872,19.505562930953396,19.543766543277492,19.52927067926067,608900.0
2021-03-01,19.844331834280624,19.532544950680997,19.516976102341065,19.60305048518619,718500.0
2021-03-02,19.971665595914732,19.74632105802486,19.590697215957903,19.746464632275853,1555600.0
2021-03-03,20.008332568510525,19.82068619932704,19.74764086854136,19.822474737339896,1115600.0
2021-03-04,20.034523263221804,19.88036788674738,19.822600620386684,19.848196240957066,3110700.0
2021-03-05,20.030373759444146,19.80026277624813,19.890429014561917,19.81871160068362,988800.0
2021-03-08,20.00740982817439,19.714473411605805,19.867449296115655,19.7847940004883,1230100.0
2021-03-09,19.89957844869599,19.641766722575575,19.826749497225467,19.6919957146345,4608200.0
2021-03-10,19.813984606211424,19.598404801839695,19.74196392658962,19.619282653310357,1341600.0
2021-03-11,19.844274718722446,19.676003429885498,19.657117090421156,19.66877332379311,6296800.0
2021-03-12,19.87162479908746,19.7257167356325,19.692226493157968,19.72626665985222,1604200.0
2021-03-15,19.908303427919613,19.78186201858696,19.740161780827123,19.77876189989444,2968800.0
2021-03-16,19.937359591371152,19.841330013276398,19.788686986305088,19.826972785638887,10248900.0
2021-03-17,20.012399708122253,19.912378580911714,19.84763356164649,19.909980561170634,4017200.0
2021-03-18,20.237428362944467,20.07445770919213,19.92830968689035,20.088557543693312,2648200.0
2021-03-19,20.341020259246047,20.17318407799438,20.120221204921677,20.200398245495222,841300.0
2021-03-22,20.36930018517575,20.215131484281702,20.231586574944057,20.24314160392516,656200.0
2021-03-23,20.36378584655411,20.187951060201215,20.271133267817184,20.234386859946543,1456100.0
2021-03-24,20.34270417611008,20.077107900143726,20.260809477012273,20.168847757104675,926000.0
2021-03-25,20.293360125792915,19.946505642959806,20.19914962643734,20.06131982650334,1513200.0
2021-03-26,20.10097151842351,19.844646887828432,20.059392590312385,19.89237130464524,943300.0
2021-03-29,20.04355108458822,19.860462062734594,19.92956613593742,19.851693789032314,1313200.0
2021-03-30,20.031107917563013,19.84604433052471,19.8925472399553,19.862638420737365,673300.0
2021-03-31,20.019362798259294,19.858603093231935,19.89610517139664,19.876884586240976,552400.0
2021-04-01,20.073830570185212,19.941921434830903,19.908646550997602,19.924917561600694,851100.0
2021-04-02,20.252736121560865,20.07565816773636,19.94903325071257,20.0985125440005,1612200.0
2021-04-05,20.43766865825776,20.247012789078692,20.110738036223267,20.2653661028575,1362900.0
2021-04-06,20.5183347558984,20.33643770648478,20.27909859730233,20.34526150204107,687900.0
2021-04-07,20.567381968498857,20.414598361774843,20.35078471235881,20.419472501457903,4779100.0
2021-04-08,20.63384426321347,20.481855972696316,20.417703365970574,20.503194643898503,404400.0
2021-04-09,20.738460188009622,20.564182837640224,20.505502404264696,20.600139031356075,2121100.0
2021-04-12,20.856042991435444,20.720130598314444,20.613930288760496,20.71867073668291,3000400.0
2021-04-13,20.95431642245389,20.800093284510318,20.725664491971784,20.814764811916362,549300.0
2021-04-14,20.96736887318135,20.85720948893594,20.819760351408416,20.846974865654545,494300.0
2021-04-15,21.03383490941525,20.91807521342169,20.871257393863154,20.894982046896104,1315500.0
2021-04-16,21.024167792439464,20.941482295301206,20.92232670990225,20.884272890640073,1411600.0
2021-04-19,21.01726270888533,20.952487353786577,20.941661935644465,20.875909207600053,1071200.0
2021-04-20,21.09804479206095,20.966062395561842,20.955472811174616,20.92564943400004,1082700.0
2021-04-22,21.132889137186393,20.901662381919724,20.96819486512473,20.92403531000003,1659400.0
2021-04-23,21.15206366941885,20.90554203855196,20.938710617946235,20.917882364285735,2277900.0
2021-04-26,21.188616906727752,20.983958598965685,20.943364727104452,20.977773117346953,18948500.0
2021-04-27,21.457583504805537,21.102827570689776,20.992403376503184,21.12626651239068,3343600.0
2021-04-28,21.58398821771824,21.231044976551367,21.123145268930845,21.27947608027906,2443600.0
2021-04-29,21.67427729837017,21.422174983250976,21.280818049236316,21.423911485913614,1274400.0
2021-05-04,21.81019807026441,21.607444449959832,21.45629860659737,21.573508204224012,1458747.0
2021-05-05,22.072998621617437,21.762460321399878,21.61878471899812,21.81179157444572,1455300.0
2021-05-06,22.652141872583883,22.058900229571343,21.84198908499866,22.24770826746123,844000.0
2021-05-07,23.328672766131344,22.527785878265245,22.244277917856184,22.604791619615163,7400600.0
2021-05-10,23.320480547236674,22.63757939088828,22.56019851275442,22.66056544258226,2447000.0
2021-05-11,23.157486105169053,22.575413850634487,22.650141794824584,22.637546744701616,1719800.0
2021-05-12,23.055347217977896,22.58243846473892,22.631529853446132,22.627533389072582,1359000.0
2021-05-13,22.9681051556985,22.587456046242085,22.651092752461523,22.60895242076613,865200.0
2021-05-14,22.92864653978464,22.640687265400068,22.62220910890109,22.639251729118666,1380100.0
2021-05-17,22.940461814131886,22.68339594196025,22.648720792072208,22.681608377941906,1339100.0
2021-05-18,22.89747272437992,22.667697584387792,22.689086280051576,22.67900598424422,983900.0
2021-05-19,22.969623374557084,22.691212560276995,22.679347342893983,22.752147131603014,774700.0
2021-05-20,23.104016696112204,22.822294685912137,22.756676673495704,22.886533665430722,3225600.0
2021-05-21,23.36001192579443,23.03021048993724,22.89048333821122,23.11538118959337,641000.0
2021-05-24,23.511437089853164,23.235864635669458,23.10034524157944,23.306700849709554,8589500.0
2021-05-25,23.676740778466545,23.454189025478183,23.300246601128173,23.504072035506823,553900.0
2021-05-26,23.83481484176182,23.664420732484416,23.51017614366298,23.69433716821916,903900.0
2021-05-27,24.024867744115586,23.82601480891744,23.710125816902128,23.857383691585113,646700.0
2021-05-28,24.27204838865399,24.03828107210196,23.86580415493009,24.04813120827508,1884700.0
2021-05-31,24.328605991895706,24.161629337215686,24.084145824950063,24.12795086305363,4217700.0
2021-06-01,24.52614713706836,24.290413560101108,24.180104160678617,24.30996490218116,361200.0
2021-06-02,24.94724795504883,24.493152542929362,24.345788686199015,24.562117787272257,1420600.0
2021-06-03,25.11946282503488,24.660823244949544,24.544134775856435,24.77722699090876,315000.0
2021-06-04,25.2567591607392,24.929159460678246,24.7643819827546,24.9901621363634,1538000.0
2021-06-07,25.35482797195657,25.092256757627318,24.98741570196757,25.117258668831,1889200.0
2021-06-08,25.364877122826123,25.074322420029027,25.11815407283398,25.106613334879285,2882400.0
2021-06-09,25.260626516304374,25.053087442877878,25.125824337738557,24.990438096342345,2085800.0
2021-06-10,25.214733225931695,24.855062459198486,25.061303098384684,24.90388435453025,2116200.0
2021-06-11,25.14480944709407,24.887901756570347,24.966645070274772,24.836345967521606,2951700.0
2021-06-14,25.160578176495765,24.89135839755025,24.899032193053408,24.880961405372574,11346800.0
2021-06-15,25.171841554639833,24.878654402824733,24.940737280752437,24.88068671812327,1179500.0
2021-06-16,25.12274396759988,24.884753144874807,24.929098057680314,24.833347655802335,1269300.0
2021-06-17,24.967674262571343,24.760537960624863,24.887927184057364,24.7002483255731,1041700.0
2021-06-18,24.925481616122386,24.7146699718749,24.76280513146955,24.699463089695065,757300.0
2021-06-21,25.003915440087418,24.710478551339214,24.74057509390682,24.74890220692505,1279800.0
2021-06-22,25.059939600062442,24.850341822385154,24.77041078136201,24.83707300494646,3884100.0
2021-06-23,25.114242571473174,24.919562760910615,24.86886484383001,24.905052146390332,550000.0
2021-06-24,25.13874469390941,24.944051950196506,24.920617745592864,24.95718010456452,1380300.0
2021-06-25,25.156246209935293,25.017179964426077,24.971869818280616,24.995128646117514,5298600.0
2021-06-28,25.231604435668068,25.09798568887577,25.018478441629014,25.087949032941083,1392000.0
2021-06-29,25.37971745404862,25.198561206339836,25.110341744020722,25.232106452100773,1313300.0
2021-06-30,25.6997981814633,25.413621326104938,25.248815531443373,25.434361751500553,4023000.0
2021-07-01,25.765570129616645,25.44620469711216,25.41915395103098,25.50168696535754,2670800.0
2021-07-02,25.881121521154746,25.524431926508687,25.477967107879273,25.62191926096967,1605198.0
2021-07-05,26.052229657967676,25.717451376077634,25.601405077056626,25.81994232926405,1631000.0
2021-07-06,26.28873546997691,25.826750982912596,25.81243219789759,25.955673092331466,1464700.0
2021-07-07,26.263382478554934,25.87339355922328,25.894594427069705,25.924766494522476,2080400.0
2021-07-08,26.328130341824952,25.966709685159486,25.95185316219265,25.995547496087482,1357600.0
2021-07-09,26.41152167273211,25.867649775113918,25.994180830137605,25.99753392577677,1866800.0
2021-07-12,26.33680119480865,25.948321267938514,25.962986307241145,25.90180994698341,2889300.0
2021-07-13,26.189143710577607,25.776287162943046,25.97356164802939,25.76200710498815,1792000.0
2021-07-14,25.935102650412578,25.548776544959317,25.843972605735278,25.507147932134394,2109900.0
2021-07-15,25.66793046458041,25.35084594312628,25.599980432668055,25.267962808667424,1257600.0
2021-07-16,25.445664617557437,25.173865584162918,25.357128880477184,25.127116291905303,2361800.0
2021-07-19,25.2326175839696,24.727046845830657,25.196520628912275,24.8122259227895,12458300.0
2021-07-20,25.023298274264,24.467890604164754,24.824657592080193,24.527304230563928,3626600.0
2021-07-21,24.873784481617143,24.393810376698845,24.507612565771566,24.448074450402807,2300100.0
2021-07-22,24.864131772583672,24.52129312621346,24.432580404122547,24.50148175028772,1943700.0
2021-07-23,24.831522694702624,24.479260424258293,24.536128860087537,24.508201250205516,1452600.0
2021-07-26,24.70823049621616,24.456614588755922,24.53294918577681,24.42800089300394,1310000.0
2021-07-27,24.668736068725828,24.454407115967005,24.466392275554867,24.432857780717097,1107100.0
2021-07-28,24.631954334804163,24.457456422834653,24.46742305396776,24.424184129083642,3384200.0
2021-07-29,24.679967382002975,24.496330161207656,24.468159324262686,24.482274377916887,7786800.0
2021-07-30,24.91426241571641,24.591664400862612,24.525828088759063,24.653053127083492,3049600.0
2021-08-02,25.14447315408315,24.85118885775901,24.708448634827903,24.910752233631065,2169200.0
2021-08-03,25.38890939577368,25.12227775554215,24.96317759630564,25.15768016687933,1554800.0
2021-08-04,25.563506711266914,25.373055539672965,25.230841140218317,25.361200119199523,1869100.0
2021-08-05,25.659647650904937,25.412182528337834,25.450600814441657,25.45014294228537,1781700.0
2021-08-06,25.768319750646384,25.52298752024131,25.50900058174404,25.56010210163241,1040600.0
2021-08-09,25.865942679033132,25.602133943029507,25.592143272674313,25.65150150116601,3058600.0
2021-08-10,25.984244770737952,25.79580995930679,25.69010233762451,25.786072500832862,828700.0
2021-08-11,26.060174836241394,25.872485067458936,25.82864452687465,25.855766072023474,10534900.0
2021-08-12,26.031553454458138,25.85582140780959,25.873317519196178,25.850547194302482,1182900.0
2021-08-13,25.96253818175581,25.83415814843542,25.868083942282986,25.81181942450177,593600.0
2021-08-16,26.030384415539864,25.8529701060253,25.840059958773562,25.874156731786982,1501100.0
2021-08-17,26.078846011099902,25.952121504303786,25.9000428276954,25.932969094133554,1317700.0
2021-08-18,26.070604293642788,25.9477120149824,25.96145916263957,25.934977924381112,12447800.0
2021-08-19,26.050431638316276,25.94700076750193,25.956756544742554,25.934269945986507,326900.0
2021-08-20,26.03602259879734,25.747608170909388,25.954826103387536,25.81876424713322,1609700.0
2021-08-23,25.785730427712387,25.53400583636385,25.854875788133953,25.55626017652373,11357000.0
2021-08-24,25.589807448365992,25.40517520681557,25.610625562952826,25.361614411802663,834900.0
2021-08-25,25.42129103454714,25.258574406308085,25.407589687823446,25.224724579859046,980700.0
2021-08-26,25.272350738962242,25.150410290220062,25.273992634159605,25.100517557042174,2958000.0
2021-08-27,25.160250527830172,24.98031166429139,25.161423310114003,24.977512540744414,908200.0
2021-08-30,25.231607519878693,25.014508331636705,25.02673093579572,25.009651814817435,5740500.0
2021-08-31,25.268291085627638,25.03283173841839,25.026236382711225,25.0483227248696,806200.0
2021-09-01,25.200207918305455,24.977736956013135,25.073025987650876,25.010230517763997,11406500.0
2021-09-06,25.208719941646756,25.038383540009384,25.029304276893484,25.03730751268857,5020100.0
2021-09-07,25.349085672604826,25.095546733558077,25.048074483495345,25.153791080491835,2022800.0
2021-09-08,25.42077548043202,25.196726295923156,25.161481773925246,25.211279343208453,3584600.0
2021-09-09,25.457696771737158,25.22623306851654,25.218201267089462,25.23519953086318,3697165.0
2021-09-10,25.55549769409797,25.322283795028454,25.238715190778187,25.350142522045132,1965800.0
2021-09-13,25.648212638641407,25.395916996448896,25.349082279127277,25.45581608717509,883500.0
2021-09-14,25.70872331331529,25.52851214032064,25.452201627948057,25.530582919410783,831700.0
2021-09-15,25.720516652368065,25.563222957371885,25.538715448534326,25.560416371007705,3107200.0
2021-09-16,25.768940465977188,25.46169324323878,25.58479674895309,25.541725979291215,1820100.0
2021-09-17,25.86352890426942,25.644066602313416,25.55914053496649,25.636947128065152,10952200.0
2021-09-20,25.982520645906728,25.794993789129695,25.656528953547493,25.788533662903678,310400.0
2021-09-21,25.958943318504804,25.712278878731333,25.79609210967678,25.756095473502626,6411900.0
2021-09-22,25.944959513217718,25.68305634195095,25.754351506911988,25.752211052501877,1624800.0
2021-09-23,26.060685366584085,25.807897387107822,25.74739393350856,25.864436466072767,1788100.0
2021-09-24,26.117632404702917,25.93421241936273,25.85099566679183,25.953883190051975,246400.0
2021-09-27,26.15545171764494,25.89586601383052,25.943568333422736,25.970630850037125,334700.0
2021-09-28,26.1738940840321,25.925618581307514,25.96683452387338,25.934022035740806,353600.0
2021-09-29,26.16706720288007,25.909727558076796,25.942024659909556,25.93715859695772,2270300.0
2021-09-30,26.190762287771477,25.972260580873268,25.961446185649685,25.95725614068408,396500.0
2021-10-01,26.207687348408196,25.890677325549387,25.989604418321203,25.943754386202915,1227800.0
2021-10-04,26.142633820291568,25.91033703105779,25.962574584515146,25.892681704430654,393400.0
2021-10-05,26.101881300208262,25.893097879326994,25.913267560367963,25.894772646021895,884400.0
2021-10-06,26.081343785863044,25.923641342376424,25.916619685977118,25.912694747158497,661000.0
2021-10-07,26.115245561330745,25.922600958840302,25.92615691855508,25.92121053368464,1238100.0
2021-10-08,26.253746829521962,25.944714970600216,25.935826370396487,26.028721809774744,1300000.0
2021-10-11,26.46410487822997,26.243367836143012,26.038447407426062,26.266229864124817,1520400.0
2021-10-12,26.640074913021408,26.459548454387864,26.306033862447187,26.453021331517725,1749200.0
2021-10-13,26.820053509301005,26.613963181705618,26.475738473176563,26.64287237965552,648400.0
2021-10-14,26.94289536378643,26.78140227264687,26.65409890941183,26.791337414039653,366600.0
2021-10-15,27.067782402704594,26.93175236587655,26.802927792437018,26.923812438599754,588200.0
2021-10-18,27.14555885907471,27.02316442481983,26.942091280312155,27.01700888471411,598700.0
2021-10-19,27.18968489933908,27.102260303442733,27.03006520022297,27.08072063193865,808300.0
2021-10-20,27.278346356670774,27.153043073887666,27.104332285873546,27.14194330852761,1237400.0
2021-10-21,27.281675969050553,27.169316481348332,27.18595163276682,27.16281664894829,535800.0
2021-10-22,27.284054263607537,27.20379748667738,27.20425116626201,27.162011892105923,140600.0
2021-10-25,27.26003875971967,27.159584617946784,27.211607975901437,27.132865637218515,974500.0
2021-10-26,27.285741971228337,27.196846155676273,27.176862839929598,27.13704688372751,884800.0
2021-10-27,27.346958550877382,27.223541358118577,27.21490202852114,27.170747774091076,574800.0
2021-10-28,27.45354182205527,27.296815255798982,27.227787163229387,27.286962695779344,686800.0
2021-10-29,27.54110130146805,27.412010896999274,27.331276545163846,27.396401925556674,268200.0
2021-11-01,27.626500929620036,27.476396854351382,27.439483246545606,27.46600137539762,3501700.0
2021-11-02,27.601786378300027,27.483140610250988,27.505345176104,27.470715268141156,1247200.0
2021-11-03,27.666990270214303,27.51749668257991,27.50381798293143,27.513368048672255,534300.0
2021-11-04,27.704993050153075,27.549640487557078,27.54558427352245,27.566691463337325,5898700.0
2021-11-05,27.789280750109338,27.541171776826484,27.591131623944605,27.621922473812376,450700.0
2021-11-08,27.878057678649526,27.700836983447488,27.639379731389006,27.727801767008838,1352900.0
2021-11-09,27.927184056178234,27.800597845319633,27.756699808135004,27.7755726907206,644300.0
2021-11-10,27.939417182984453,27.828858486133935,27.830499862953573,27.78898049337186,490200.0
2021-11-11,27.951012273560323,27.81775606152424,27.838928473538267,27.781414638122754,1046600.0
2021-11-12,28.016437338257372,27.80255023517479,27.830663195384474,27.81243902723054,723600.0
2021-11-15,28.123169527326695,27.89896445369628,27.856187996703195,27.786742162307526,7218900.0
2021-11-16,28.17369251951907,28.013546038354487,27.941562854787996,27.88553011593395,11621600.0
2021-11-17,28.18120894251362,28.04110431311035,28.033973467705714,27.948950082809965,5118700.0
2021-11-18,28.183720673224016,28.040000457682112,28.068552476932652,27.975678630578546,1028000.0
2021-11-19,28.148371909445725,27.95714318405865,28.061823197809037,27.933341878984677,1657800.0
2021-11-22,28.12026564960409,27.91795941718475,28.00130228414931,27.89952991356048,1101400.0
2021-11-23,28.085904035431493,27.915685297989107,27.943787345820937,27.891092795400347,1545700.0
2021-11-24,28.28993145387964,27.947762895131188,27.921276675586384,28.025780568143105,1504400.0
2021-11-25,28.549951038485457,28.134116353665135,28.058054768275987,28.225557548673645,2276700.0
2021-11-26,28.67853645606104,28.284368824046524,28.205753405911423,28.378255391909747,348100.0
2021-11-29,28.684668897186455,28.374178805182503,28.344109575651014,28.388753851364108,2960700.0
2021-11-30,28.711906355133184,28.267270575130357,28.38864969689358,28.303395608117217,1642200.0
2021-12-01,28.5656473965237,28.248050410807398,28.38903549778113,28.22385400579801,921900.0
2021-12-02,28.461176711802644,28.108607436291,28.30645392698652,28.154181432712864,1564600.0
2021-12-03,28.32941193700189,27.957576740207855,28.213181376418945,28.030843880509188,531900.0
2021-12-06,28.13815138357278,27.67826910014847,28.065129554584956,27.774174200363706,1627600.0
2021-12-07,27.821536702551985,27.493049357248907,27.845092538989256,27.52798157168836,2261300.0
2021-12-08,27.70109764467999,27.46646382660636,27.600780384992326,27.43855826549169,1488200.0
2021-12-09,27.689355460485707,27.4018935779264,27.49055741785166,27.423970189636922,870300.0
2021-12-10,27.692396757489792,27.472781127090286,27.46039815560833,27.477835849740657,368800.0
2021-12-13,27.697426255349853,27.44627223363592,27.50742725400595,27.478454178386187,688400.0
2021-12-14,27.712447325249894,27.490194452597088,27.481019467147107,27.509610127418703,172900.0
2021-12-15,27.714605232321354,27.53585318042649,27.50787104796222,27.54757866244193,1074000.0
2021-12-16,27.72186088022954,27.55385083843232,27.555622177115872,27.543270473172807,2443800.0
2021-12-17,27.689900628735383,27.55706794919719,27.566872983654193,27.542336052266293,959800.0
2021-12-20,27.692786163382415,27.574413693077716,27.560623559752997,27.55381146590449,545200.0
2021-12-21,27.663418688130296,27.513152637912654,27.586159685537854,27.527722475646065,222900.0
2021-12-22,27.66244192009307,27.520823312794754,27.554399775384184,27.51337319689005,698200.0
2021-12-23,27.641744228637908,27.47773093771054,27.52599983956013,27.378123712064315,1124700.0
2021-12-24,27.612674449027075,27.472232839961993,27.511428456828664,27.37008836576023,765800.0
2021-12-27,27.640481749305053,27.508737742829997,27.48102032630619,27.438634546971592,723200.0
2021-12-28,27.71462982093218,27.55194276155632,27.53072880450442,27.511167533551138,253200.0
2021-12-29,27.7961641578087,27.594244829683085,27.567663431788873,27.579405381107954,163400.0
2021-12-30,27.83440296986336,27.60744086837828,27.59833102270634,27.62600384364854,267500.0
2021-12-31,27.910287835616685,27.636743477413056,27.630236444790242,27.7021456026061,1766700.0
2022-01-04,28.10734845401192,27.874816769580754,27.701597460564457,27.920818287575788,1277000.0
2022-01-05,28.2452488957228,28.011862981487685,27.939712471831754,28.03201306255413,1069500.0
2022-01-06,28.255177782659143,27.965616415348347,28.045508908451254,28.024295044681526,2059000.0
2022-01-07,28.276555559042244,28.0599769568443,28.016792077465183,28.058067889058233,1890400.0
2022-01-10,28.226111113601604,27.921232864973646,28.064851483903702,27.987905635041592,831400.0
2022-01-11,28.047222224001146,27.77230918926689,27.996322488502642,27.816361167886853,959700.0
2022-01-12,27.97658730285796,27.713985771444715,27.825944634644742,27.70954369134775,1200100.0
2022-01-13,28.006133787755687,27.76587203534025,27.74710331046053,27.75895977953411,1116200.0
2022-01-14,27.975809848396917,27.72754376094118,27.792216650328953,27.71997127109579,4591700.0
2022-01-17,27.914149891712086,27.43564899762258,27.728726178806397,27.579979479354137,922300.0
2022-01-18,27.65010706550863,27.22260642687327,27.58623298486171,27.33855677096724,1520600.0
2022-01-19,27.52150504679188,27.187576019195195,27.331594989186936,27.22039769354803,991100.0
2022-01-20,27.438217890565628,27.16255429942514,27.208282135133526,27.17742692396288,1119400.0
2022-01-21,27.441584207546878,27.153253071017957,27.18448723938109,27.196733517116343,815100.0
2022-01-24,27.4211315768192,27.135180765012826,27.193205170986495,27.18552394079739,1312700.0
2022-01-25,27.443665412013715,27.21084340358059,27.19800369356178,27.190374243426703,1710900.0
2022-01-26,27.57404672286694,27.27144215413813,27.211431209686985,27.324553031019075,1226900.0
2022-01-27,27.690033373476385,27.462675205908464,27.33959372120499,27.36539502215648,847600.0
2022-01-28,27.790023838197417,27.509919466397005,27.468281229432137,27.4852821586832,872000.0
2022-02-07,27.995731312998156,27.792799618855003,27.54877230673724,27.753058684773716,682500.0
2022-02-08,28.24266522357011,27.980571156325002,27.8034087905266,28.000041917695512,1241300.0
2022-02-09,28.419046588264365,28.203265111660716,28.046720564661857,28.209315655496795,8801600.0
2022-02-10,28.527890420188832,28.310647945407506,28.239086117615614,28.313796896783426,8291500.0
2022-02-11,28.57135030013488,28.416177103862506,28.342204369725437,28.39056921198816,604100.0
2022-02-14,28.602393071524915,28.425840788473216,28.420145978375313,28.42397800856297,372600.0
2022-02-15,28.57313790823208,28.447029134623726,28.461532841696652,28.395698577544984,861300.0
2022-02-16,28.552241363022915,28.462163667588374,28.448237744069036,28.404070412532125,700500.0
2022-02-17,28.565886687873512,28.47297404827741,28.463026960049312,28.433621723237234,528000.0
2022-02-18,28.569919062766793,28.48069574876958,28.487876400035223,28.449015516598024,968200.0
2022-02-21,28.578513616261997,28.48621124912113,28.491340285739447,28.462868226141445,6119500.0
2022-02-22,28.638938297329997,28.478155521790466,28.50381448981389,28.475620161529605,560500.0
2022-02-23,29.033527355235712,28.57011108699319,28.505581778438494,28.71115725823543,961400.0
2022-02-24,29.223948110882652,28.624365062137993,28.722558413170354,28.77582661302531,4231900.0
2022-02-25,29.302820079201894,28.73168933009857,28.738970295121682,28.90273329501808,1589900.0
2022-02-28,29.359157199429923,28.95120666435612,28.884978782229773,29.014809496441483,5520500.0
2022-03-01,29.233683713878516,28.90800476025437,29.060699130164124,28.954149640315347,13164600.0
2022-03-02,29.11263122419894,28.788873263251087,28.986213664402946,28.811535457368105,3727900.0
2022-03-03,29.020450874427812,28.714288142986923,28.83443833171639,28.72109675526293,448400.0
2022-03-04,29.01460776744844,28.735139420026066,28.75174166551171,28.736497682330665,1285800.0
2022-03-07,28.910434119606027,28.667956728590045,28.76552976107979,28.658926915950474,12426900.0
2022-03-08,28.790310085432875,28.519969091850033,28.711092686485564,28.562090654250337,2956600.0
2022-03-09,28.693078632452053,28.485692208464307,28.59935191891826,28.502207610178814,1725000.0
2022-03-10,28.640770451751468,28.475494434617364,28.549537084941612,28.47800543584201,335100.0
2022-03-11,28.57197889410819,28.339638881869547,28.5282407749583,28.390003882744292,1580600.0
2022-03-14,28.408556352934422,28.085456344192533,28.434457696398784,28.200002773388782,2818400.0
2022-03-15,28.191825966381728,27.946754531566096,28.231755497427702,28.000001980991986,4440200.0
2022-03-16,28.122732833129806,27.904824665404355,28.022682498162645,27.93214427213713,1253700.0
2022-03-17,28.51623773794986,27.921740033040404,27.93763035583046,28.042960194383664,1134600.0
2022-03-18,28.445884098535615,27.99552859502886,27.952593111307472,28.084257281702616,157100.0
2022-03-21,28.461345784668296,28.013948996449184,28.02470936521962,28.140183772644725,333100.0
2022-03-22,28.56381841762021,28.152820711749417,28.097649546585444,28.283702694746232,590600.0
2022-03-23,28.68844172687158,28.1598724983274,28.24832110470389,28.282644781961597,17265400.0
2022-03-24,28.720315519193985,28.299908927376713,28.237372217645635,28.38188912997257,1830900.0
2022-03-25,28.814511085138562,28.46881221273667,28.348123012604024,28.51206366426612,8165200.0
2022-03-28,28.896079346527547,28.61772300909762,28.484373580431445,28.647188331618658,831700.0
2022-03-29,29.10291381894825,28.75551643506973,28.644552557451036,28.843705951156185,1416400.0
2022-03-30,29.356367013534463,28.973940310764092,28.83468039817931,29.076218536540132,2976700.0
2022-03-31,29.568833581096044,29.252814507688637,29.04191457012808,29.320870383242955,1679000.0
2022-04-01,29.969166843640032,29.546296076920456,29.31993897866291,29.66133598803068,3310000.0
2022-04-04,30.62083345974288,30.093068626371753,29.692813556187794,30.236668562879053,7117200.0
2022-04-05,31.043452471244915,30.383620447408394,30.310581111562712,30.60190611634218,3220900.0
2022-04-06,31.302466050889226,30.759728891005995,30.673272222544792,30.878504368815847,886600.0
2022-04-07,31.44461860777802,31.056949207861425,31.00233730181771,30.977503120582746,2344300.0
2022-04-08,31.331870434127158,30.96497230236195,31.065955215584076,30.913930800416246,2757300.0
2022-04-12,31.15133602437654,30.689265930258536,31.002825153988628,30.737807714583035,1930700.0
2022-04-13,31.0509543031261,30.714631635518014,30.814875109991878,30.6448626532736,490400.0
2022-04-14,31.070681645090072,30.793308311084296,30.717767935708483,30.734901895195424,428300.0
2022-04-15,31.107629746492908,30.842502161172934,30.8084056683632,30.772072782282446,334300.0
2022-04-18,31.07687839035208,30.77321582940924,30.846004048830856,30.745051987344603,2119300.0
2022-04-19,30.946341707394343,30.49515416386374,30.815717177736325,30.590037133817574,1429900.0
2022-04-20,30.761672648138816,30.353681545616958,30.639797984097378,30.38145509558398,1798200.0
2022-04-21,30.52976617724201,30.195486818297827,30.428427131498125,30.186753639702843,1915000.0
2022-04-22,30.37840441231572,29.911062013069877,30.270305093927234,29.965538314073463,3872800.0
2022-04-25,30.08743172308266,29.22218715219277,30.05021792423374,29.49609879576676,4000600.0
2022-04-26,29.608165516487613,28.981562251566263,29.56444137445267,28.915070568404825,4512400.0
2022-04-27,29.320118226062583,28.815401608261617,29.03745812460905,28.760764691717732,1234900.0
2022-04-28,29.128655875758987,28.696715434472583,28.855327231863605,28.651260494084095,1951600.0
2022-04-29,29.14903991125642,28.649822885441633,28.725233737045436,28.647328924345782,718100.0
2022-05-04,29.149314222326012,28.70036501758805,28.695166955032455,28.697377803104132,361800.0
2022-05-05,29.160938730232868,28.67168929827718,28.71654782502318,28.74026985936009,214200.0
2022-05-06,29.000670521594905,28.50263521305513,28.740391303587984,28.604478470971493,484600.0
2022-05-09,28.731907515424933,27.87331086646795,28.58313664541999,28.185341764979636,3892300.0
2022-05-10,28.137076796732096,27.512364904619965,28.18224046101428,27.633101260699746,7093400.0
2022-05-11,27.99791199766578,27.55168921758569,27.68874318643877,27.512929471928388,3220400.0
2022-05-12,27.8270799983327,27.136920869704063,27.58481656174198,27.29137819423456,1353300.0
2022-05-13,27.5907714273805,26.666372049788617,27.34629754410141,26.893127281596115,26632600.0
2022-05-16,27.19340816241464,26.04740860699187,26.888783960072438,26.445090915425794,1231500.0
2022-05-17,26.912434401724745,26.033863290708478,26.44770282862317,26.077922082447,7306300.0
2022-05-18,26.72602457266053,26.067045207648913,26.105502020445122,26.059944344605,3826400.0
2022-05-19,26.947160409043235,25.98466364805192,26.096787157460803,26.17924596043214,1374800.0
2022-05-20,27.01940029217374,26.046188320037086,26.230562255329144,26.220175686022955,4241900.0
2022-05-23,26.765285922981242,26.061563085740776,26.21183018237796,26.083696918587826,4475900.0
2022-05-24,26.51520423070089,25.90111648981484,26.07987870169854,25.959783513277017,2564400.0
2022-05-25,26.728003021929208,25.9550832070106,25.969913358356102,26.15055965234073,1759800.0
2022-05-26,26.94857358709229,26.19648800500757,26.147080970254358,26.42897118024338,11307300.0
2022-05-27,27.44898113363735,26.56320571786255,26.4336292644674,26.89069370017384,8031100.0
2022-05-30,27.949272238312393,27.096575512758964,26.906878046048142,27.378352642981312,44278400.0
2022-05-31,28.106623027365995,27.30326822339926,27.352055747177243,27.56596617355808,12395900.0
2022-06-01,28.204730733832854,27.530905873856614,27.51146839084089,27.75426155254149,1210900.0
2022-06-02,28.414807667023467,27.827789909897582,27.715334564886348,27.988043966101063,1318600.0
2022-06-03,28.553434047873903,27.994135649926843,27.939524689204532,28.174317118643614,639300.0
2022-06-06,28.749595748481358,28.25295403566203,28.143946206574668,28.390940799031153,4511600.0
2022-06-07,28.875425534629542,28.520681454044308,28.345675861839048,28.51352914216511,11507800.0
2022-06-08,29.053875381878246,28.70048675288879,28.531197044170746,28.740377958689365,3631400.0
2022-06-09,29.178482415627318,28.923204823491993,28.755140745836247,28.920269970492406,3594200.0
2022-06-10,29.241773154019512,28.92744629529781,28.95081481845446,28.94233569320886,1292500.0
2022-06-13,28.972695110013937,28.41960449664129,28.936296298896046,28.569525495149186,13467800.0
2022-06-14,28.551925078581384,28.11487056249708,28.590211642068603,28.109661067963703,2576300.0
2022-06-15,28.27994648470099,27.836336116069344,28.13586545862043,27.897615048545504,982300.0
2022-06-16,28.268533203357848,27.783097225763818,27.915618184728878,27.909725034675358,2931800.0
2022-06-17,28.19180943096989,27.702212304117012,27.921155846234914,27.80551788191097,3302300.0
2022-06-20,28.094149593549922,27.703680850360207,27.833682747310654,27.69036991565069,1740700.0
2022-06-21,27.82153542396423,27.47405775025729,27.706916248079036,27.45669279689335,2874100.0
2022-06-22,27.709668159974452,27.273342676427482,27.476368748627884,27.284780569209538,5463200.0
2022-06-23,27.601191542838894,26.995244768876773,27.3031205347342,27.12555754943538,2215600.0
2022-06-24,27.455136816313495,26.98517483491198,27.143657524810145,27.063255392453847,985700.0
2022-06-27,27.416526297366783,26.932267739222844,27.068326803435816,27.04803956603846,937800.0
2022-06-28,27.486090212404847,27.034476956587746,27.037376288168442,27.16074254717033,1547300.0
2022-06-29,27.54720729457489,27.121769254705534,27.160983062977458,27.256244676550235,1556600.0
2022-06-30,27.619433781839206,27.232692324789667,27.263559330698186,27.346603340393028,905300.0
2022-07-01,27.58530984417086,27.309065946278334,27.345399521927277,27.294716671709303,8086300.0
2022-07-04,27.560935602979185,27.190870775033105,27.318142515662338,27.25694047979236,1361100.0
2022-07-05,27.400668287842276,26.93633626788079,27.27724465404453,27.072814628423114,2730000.0
2022-07-06,27.086191634173055,26.58881161991485,27.07660332431752,26.769153306016513,12457400.0
2022-07-07,26.91870831012361,26.56343687136775,26.771859517369656,26.56653807572608,2524100.0
2022-07-08,26.77336307865972,26.43102633669125,26.58275679812118,26.46895576837577,1602600.0
2022-07-11,26.552402199042657,26.205018811922322,26.486254855800844,26.262825548839835,1557700.0
2022-07-12,26.343144427887612,26.026442008515943,26.29589632557203,26.066303963457024,3795700.0
2022-07-13,26.225103162776865,25.91888714893996,26.079925946837164,25.98521711675502,10910300.0
2022-07-14,26.152216544840616,25.9334908206714,25.992804247740832,25.922297940539295,1364100.0
2022-07-15,26.080154674886153,25.818207729051,25.93914589124345,25.86306995752807,10574200.0
2022-07-18,26.014396196347253,25.784434092179286,25.875104208031036,25.80290711252005,858900.0
2022-07-19,25.938854425962322,25.70316720869949,25.80078872002217,25.743505080371463,3362100.0
2022-07-20,25.99632458997309,25.759405149071064,25.747706228587262,25.773932200265335,1512600.0
2022-07-21,26.083088992837922,25.854410841058694,25.769790163276618,25.88066585733238,1767800.0
2022-07-22,26.216492137741373,25.996007743613355,25.87556440234044,26.026189898094557,2629900.0
2022-07-25,26.26606581267241,26.05750916511336,26.018260287386028,26.07227849863897,2500300.0
2022-07-26,26.21004700905172,26.043935117938116,26.08304306241859,26.03805607045641,989400.0
2022-07-27,26.124319292179802,26.000294367206035,26.062173616013283,25.972182907468863,246900.0
2022-07-28,26.165942351557,26.025924548004312,26.0029811542952,26.0122735053349,525900.0
2022-07-29,26.232815965397858,26.06423182000308,26.026415110210856,26.064481075239215,495800.0
2022-08-01,26.266297118141328,26.145879871430772,26.0988679358649,26.115343625170865,1411200.0
2022-08-02,26.315926512958093,26.201342765307693,26.170619954189213,26.17524544655062,10291100.0
2022-08-03,26.33994750925578,26.143816260934067,26.230442824420866,26.182318176107586,8500900.0
2022-08-04,26.442819649468415,26.217011614952906,26.221744874586335,26.273084411505415,9165500.0
2022-08-05,26.50772832104887,26.30072258210922,26.289817767561665,26.340774579646727,1725300.0
2022-08-08,26.59409165789205,26.374801844363727,26.35129840540119,26.430553271176237,1995700.0
2022-08-09,26.710065469922892,26.479144174545517,26.43807028957228,26.53682376512588,968800.0
2022-08-10,26.77004676423064,26.593674410389657,26.542907349694485,26.62415983223277,1963700.0
2022-08-11,26.841461974450457,26.672791084103803,26.63779096406749,26.67582845159484,1324700.0
2022-08-12,26.79818712460747,26.666279345788432,26.69413640290535,26.659163179710596,963600.0
2022-08-15,26.878705089005337,26.742592715156583,26.68295457350382,26.592973699793287,2663300.0
2022-08-16,26.9962179207181,26.81328051082613,26.75068183821702,26.735695499852348,1166900.0
2022-08-17,27.10301280051293,26.895200364875805,26.834772741583585,26.878353928465962,596400.0
2022-08-18,27.119294857509235,26.95371454633986,26.949123386845415,26.93810994890426,1336600.0
2022-08-19,27.122353469649454,26.986938961671328,26.99223099060387,26.94507853493161,341100.0
2022-08-22,27.113109621178182,26.976384972622377,26.990164993288477,26.951484667808295,1043800.0
2022-08-23,27.123649729412985,26.95456069473027,26.991546423777486,26.968203334148782,1569300.0
2022-08-24,27.202606949580705,27.010400496235906,27.00110458841249,27.043002381534844,928300.0
2022-08-25,27.316147821129075,27.124571783025647,27.053646134580347,27.165001701096315,300100.0
2022-08-26,27.517248443663625,27.263265559304035,27.17546152470025,27.3250012150688,1483900.0
2022-08-29,27.51232031690259,27.302332542360023,27.30675823192875,27.336429439334854,1643200.0
2022-08-30,27.60880022635899,27.415951815971447,27.34197016566339,27.438878170953465,878700.0
2022-08-31,27.663428733113566,27.50282272569389,27.447121546902423,27.510627264966764,1941500.0
2022-09-05,27.702449095081118,27.550148611139488,27.53651539064459,27.544733760690544,1442000.0
2022-09-06,27.687463639343655,27.56153472224249,27.56893956474613,27.545524114778956,1277000.0
2022-09-07,27.633902599531183,27.37252480160178,27.56209968910438,27.44680293912783,891100.0
2022-09-08,27.467073285379417,27.197517715429843,27.458642635074558,27.274144956519876,1367400.0
2022-09-09,27.33362377527101,27.141084082449886,27.279030453624685,27.15010354037134,2236800.0
2022-09-12,27.381159839479295,27.095060058892777,27.16502175258906,27.1700739574081,1340800.0
2022-09-13,27.329399885342355,27.125042899209127,27.186444108992184,27.140052826720073,2546200.0
2022-09-14,27.206714203815967,27.032173499435093,27.158888649280133,27.017894876228624,753100.0
2022-09-15,27.144795859868548,26.969762448648538,27.034920463771524,26.96563919730616,3615300.0
2022-09-16,27.077711328477534,26.90253749971178,26.980657474122516,26.88902799807583,2734700.0
